market_id,question,a_score,b_score,a_confidence,b_confidence,revision_flag,recommendation,decision,bet_direction,entry_price,resolved_yes,pnl,weighted_score,estimated_edge,evaluation_date,end_date
500307,Aaron Taylor-Johnson announced as next James Bond?,6,2,medium,low,NONE,GO_EVALUATE,SKIP,null,0.005,False,,,,2024-12-29T12:00:00+00:00,2024-12-30T12:00:00+00:00
253961,Will Cillian Murphy win the Oscar for Best Actor?,4,9,medium,medium,NONE,GO_EVALUATE,GO,YES,0.89,True,0.11,6.75,7.0,2024-03-07T00:00:00+00:00,2024-03-08T00:00:00+00:00
515472,Jay-Z criminal charges in 2024?,4,3,medium,low,NONE,GO_EVALUATE,SKIP,null,0.0175,False,,,,2024-12-30T12:00:00+00:00,2024-12-31T12:00:00+00:00
514001,Will Kendrick Lamar release another album in 2024?,4,8,medium,medium,NONE,GO_EVALUATE,SKIP,null,0.006,False,,,,2024-12-30T12:00:00+00:00,2024-12-31T12:00:00+00:00
501518,Will Elon tweet less than 60 times?,4,9,medium,medium,NONE,GO_EVALUATE,GO,YES,0.18,True,0.82,6.75,7.0,2024-05-16T12:00:00+00:00,2024-05-17T12:00:00+00:00
254556,Will another country win Eurovision 2024?,2,2,high,low,NONE,GO_EVALUATE,SKIP,null,0.065,False,,,,2024-05-07T00:00:00+00:00,2024-05-08T00:00:00+00:00
253895,Will another film win the Oscar for Best Picture?,4,1,medium,low,NONE,GO_EVALUATE,SKIP,null,0.0015,False,,,,2024-03-08T00:00:00+00:00,2024-03-09T00:00:00+00:00
501153,TikTok banned in the US in 2024?,5,2,medium,low,NONE,GO_EVALUATE,SKIP,null,0.003,False,,,,2024-12-30T12:00:00+00:00,2024-12-31T12:00:00+00:00
506924,Caroline Ellison sentenced to 1-11 months in prison?,7,2,medium,low,PRE_SIGNAL,WATCH,SKIP,null,0.175,False,,,,2024-09-23T12:00:00+00:00,2024-09-24T12:00:00+00:00
515310,'Mufasa' vs. 'Sonic 3' opening weekend box office?,4,3,medium,low,NONE,GO_EVALUATE,SKIP,null,0.005,False,,,,2024-12-22T12:00:00+00:00,2024-12-23T12:00:00+00:00
253986,Will 'Dune: Part Two' gross under $70m opening weekend?,4,8,medium,medium,NONE,GO_EVALUATE,SKIP,null,0.053,False,,,,2024-02-29T00:00:00+00:00,2024-03-01T00:00:00+00:00
254422,Taylor Swift pregnant in 2024?,3,2,medium,low,NONE,GO_EVALUATE,SKIP,null,0.0045,False,,,,2024-12-30T00:00:00+00:00,2024-12-31T00:00:00+00:00
254076,Will Christopher Nolan win the Oscar for Best Director?,4,2,medium,low,NONE,GO_EVALUATE,SKIP,null,0.955,True,,,,2024-03-07T00:00:00+00:00,2024-03-08T00:00:00+00:00
254551,Will Greece win Eurovision 2024?,2,1,high,low,NONE,GO_EVALUATE,SKIP,null,0.0135,False,,,,2024-05-07T00:00:00+00:00,2024-05-08T00:00:00+00:00
512859,Will 'Moana 2' gross between $150-165m on 5-day opening weekend?,5,4,medium,low,NONE,GO_EVALUATE,SKIP,null,0.12,False,,,,2024-11-26T12:00:00+00:00,2024-11-27T12:00:00+00:00
511642,Will Elon tweet 350-374 times November 1-8?,4,8,medium,medium,NONE,GO_EVALUATE,SKIP,null,0.4455,False,,,,2024-11-07T12:00:00+00:00,2024-11-08T12:00:00+00:00
512861,Will 'Moana 2' gross more than $180m on 5-day opening weekend?,5,7,medium,medium,NONE,GO_EVALUATE,SKIP,null,0.605,True,,,,2024-11-26T12:00:00+00:00,2024-11-27T12:00:00+00:00
518350,Will Elon tweet 425-449 times Jan 10-17?,4,7,medium,medium,NONE,GO_EVALUATE,SKIP,null,0.095,False,,,,2025-01-16T12:00:00+00:00,2025-01-17T12:00:00+00:00
254251,Will 'Furiosa: A Mad Max Saga' gross most in 2024?,4,1,medium,low,NONE,GO_EVALUATE,SKIP,null,0.0015,False,,,,2024-12-28T00:00:00+00:00,2024-12-29T00:00:00+00:00
506926,Caroline Ellison sentenced to 24-35 months in prison?,7,2,medium,low,PRE_SIGNAL,WATCH,SKIP,null,0.0645,True,,,,2024-09-23T12:00:00+00:00,2024-09-24T12:00:00+00:00
514170,"Will $HAWK FDV be $30,000,000 or more one day after launch?",5,9,medium,medium,NONE,GO_EVALUATE,GO,NO,0.235,True,-0.765,7.02,8.08,2024-12-04T12:00:00+00:00,2024-12-05T12:00:00+00:00
521494,Will Elon tweet 650-674 times Jan 31 - Feb 7?,4,8,medium,medium,NONE,GO_EVALUATE,SKIP,null,0.255,True,,,,2025-02-06T12:00:00+00:00,2025-02-07T12:00:00+00:00
515263,Will 'Sonic 3' gross between $64-72m on 3-day opening weekend?,4,9,medium,medium,NONE,GO_EVALUATE,GO,YES,0.231,False,-0.231,6.75,7.0,2024-12-22T12:00:00+00:00,2024-12-23T12:00:00+00:00
254254,Will another movie gross most in 2024?,4,2,medium,low,NONE,GO_EVALUATE,SKIP,null,0.0005,False,,,,2024-12-28T00:00:00+00:00,2024-12-29T00:00:00+00:00
255015,Will 'Dune: Part Two' gross more than $300m by May 15?,5,2,medium,low,NONE,GO_EVALUATE,SKIP,null,0.0055,False,,,,2024-05-12T00:00:00+00:00,2024-05-13T00:00:00+00:00
254249,Will 'Dune: Part 2' gross most in 2024?,4,2,medium,low,NONE,GO_EVALUATE,SKIP,null,0.0005,False,,,,2024-12-28T00:00:00+00:00,2024-12-29T00:00:00+00:00
254847,SBF reduced sentence because autism?,5,2,medium,low,NONE,GO_EVALUATE,SKIP,null,0.125,False,,,,2024-03-27T00:00:00+00:00,2024-03-28T00:00:00+00:00
501458,Will 'Kingdom of the Planet of the Apes' gross less than $46m on its opening weekend?,5,9,medium,medium,NONE,GO_EVALUATE,SKIP,null,0.003,False,,,,2024-05-12T12:00:00+00:00,2024-05-13T12:00:00+00:00
505416,Will 'Beetlejuice Beetlejuice' gross between $85m and $95m opening weekend?,4,8,medium,medium,NONE,GO_EVALUATE,SKIP,null,0.0275,False,,,,2024-09-08T12:00:00+00:00,2024-09-09T12:00:00+00:00
505168,Will 'Alien: Romulus' gross more than $50m opening weekend?,5,9,medium,medium,NONE,GO_EVALUATE,SKIP,null,0.01,False,,,,2024-08-18T12:00:00+00:00,2024-08-19T12:00:00+00:00
506704,Will Playboi Carti release new album in 2024?,5,3,medium,low,NONE,GO_EVALUATE,SKIP,null,0.044,False,,,,2024-12-30T12:00:00+00:00,2024-12-31T12:00:00+00:00
508156,Taylor Swift and Travis Kelce break up in 2024?,3,2,medium,low,NONE,GO_EVALUATE,SKIP,null,0.0035,False,,,,2024-12-30T12:00:00+00:00,2024-12-31T12:00:00+00:00
500310,James Norton announced as next James Bond?,5,2,medium,low,NONE,GO_EVALUATE,SKIP,null,0.0025,False,,,,2024-12-30T12:00:00+00:00,2024-12-31T12:00:00+00:00
505413,Will 'Beetlejuice Beetlejuice' gross less than $75m opening weekend?,5,2,medium,low,NONE,GO_EVALUATE,SKIP,null,0.002,False,,,,2024-09-08T12:00:00+00:00,2024-09-09T12:00:00+00:00
254253,Will 'Inside Out 2' gross most in 2024?,4,3,medium,low,NONE,GO_EVALUATE,SKIP,null,0.9965,True,,,,2024-12-28T00:00:00+00:00,2024-12-29T00:00:00+00:00
253848,"Will ""Barbie"" win the Oscar for Best Picture?",4,2,medium,low,NONE,GO_EVALUATE,SKIP,null,0.0055,False,,,,2024-03-08T00:00:00+00:00,2024-03-09T00:00:00+00:00
511104,Will 'Wicked' gross more than $135m opening weekend?,5,9,medium,medium,NONE,GO_EVALUATE,SKIP,null,0.023,False,,,,2024-11-24T12:00:00+00:00,2024-11-25T12:00:00+00:00
506756,Will 'Joker: Folie ŕ Deux' gross more than $150m opening weekend?,4,2,medium,low,NONE,GO_EVALUATE,SKIP,null,0.0005,False,,,,2024-10-06T12:00:00+00:00,2024-10-07T12:00:00+00:00
508329,Will 'Joker: Folie ŕ Deux' gross less than $48m opening weekend?,4,9,medium,medium,NONE,GO_EVALUATE,SKIP,null,0.982,True,,,,2024-10-06T12:00:00+00:00,2024-10-07T12:00:00+00:00
507382,Diddy released from custody before October?,6,2,medium,low,NONE,GO_EVALUATE,SKIP,null,0.004,False,,,,2024-09-29T12:00:00+00:00,2024-09-30T12:00:00+00:00
506929,Caroline Ellison sentenced to 60 or more months in prison?,7,2,medium,low,PRE_SIGNAL,WATCH,SKIP,null,0.0495,False,,,,2024-09-23T12:00:00+00:00,2024-09-24T12:00:00+00:00
254091,Will America ban Zyn in 2024?,5,2,medium,low,NONE,GO_EVALUATE,SKIP,null,0.004,False,,,,2024-12-30T00:00:00+00:00,2024-12-31T00:00:00+00:00
506923,Caroline Ellison not sentenced to prison?,7,3,medium,low,PRE_SIGNAL,WATCH,SKIP,null,0.475,False,,,,2024-09-23T12:00:00+00:00,2024-09-24T12:00:00+00:00
512856,Will Gladiator II gross more than $75m on opening weekend?,4,6,medium,low,NONE,GO_EVALUATE,SKIP,null,0.155,False,,,,2024-11-21T12:00:00+00:00,2024-11-22T12:00:00+00:00
501842,"Will Trump say ""mog"" in 2024?",2,2,high,low,NONE,GO_EVALUATE,SKIP,null,0.004,False,,,,2024-12-30T12:00:00+00:00,2024-12-31T12:00:00+00:00
507430,"Will Trump say ""skibidi"" before the election?",2,2,high,low,NONE,GO_EVALUATE,SKIP,null,0.0255,False,,,,2024-11-03T12:00:00+00:00,2024-11-04T12:00:00+00:00
506275,Will Kamala go on Lex Fridman podcast?,4,2,medium,low,NONE,GO_EVALUATE,SKIP,null,0.0325,False,,,,2024-11-01T12:00:00+00:00,2024-11-02T12:00:00+00:00
505005,Elon x Kamala Harris interview in August?,4,2,medium,low,NONE,GO_EVALUATE,SKIP,null,0.0015,False,,,,2024-08-30T12:00:00+00:00,2024-08-31T12:00:00+00:00
510380,Will 'Venom: The Last Dance' gross less than $45m opening weekend?,4,8,medium,medium,NONE,GO_EVALUATE,SKIP,null,0.0105,False,,,,2024-10-27T12:00:00+00:00,2024-10-28T12:00:00+00:00
254426,Taylor Swift engaged in 2024?,3,2,medium,low,NONE,GO_EVALUATE,SKIP,null,0.0135,False,,,,2024-12-30T00:00:00+00:00,2024-12-31T00:00:00+00:00
511101,Will 'Wicked' gross between $105-115m opening weekend?,4,8,medium,medium,NONE,GO_EVALUATE,SKIP,null,0.6865,True,,,,2024-11-24T12:00:00+00:00,2024-11-25T12:00:00+00:00
501459,Will 'Kingdom of the Planet of the Apes' gross between $46m and $51m on its opening weekend?,4,9,medium,medium,NONE,GO_EVALUATE,SKIP,null,0.0055,False,,,,2024-05-12T12:00:00+00:00,2024-05-13T12:00:00+00:00
508330,Will 'Joker: Folie ŕ Deux' gross between $48-54m opening weekend?,5,9,medium,medium,NONE,GO_EVALUATE,SKIP,null,0.0145,False,,,,2024-10-06T12:00:00+00:00,2024-10-07T12:00:00+00:00
504398,Musk x Maduro fight scheduled by Aug 9?,4,2,medium,low,NONE,GO_EVALUATE,SKIP,null,0.0025,False,,,,2024-08-08T12:00:00+00:00,2024-08-09T12:00:00+00:00
511106,Lunchly recall in 2024?,5,2,medium,low,NONE,GO_EVALUATE,SKIP,null,0.008,False,,,,2024-12-30T12:00:00+00:00,2024-12-31T12:00:00+00:00
503289,Karine Jean-Pierre out as Press Secretary by July 31?,6,2,medium,low,NONE,GO_EVALUATE,SKIP,null,0.011,False,,,,2024-07-30T12:00:00+00:00,2024-07-31T12:00:00+00:00
511659,Will Elon tweet 600 or more times November 1-8?,5,9,medium,medium,NONE,GO_EVALUATE,SKIP,null,0.0015,False,,,,2024-11-07T12:00:00+00:00,2024-11-08T12:00:00+00:00
506925,Caroline Ellison sentenced to 12-23 months in prison?,7,2,medium,low,PRE_SIGNAL,WATCH,SKIP,null,0.175,False,,,,2024-09-23T12:00:00+00:00,2024-09-24T12:00:00+00:00
514169,"Will $HAWK FDV be $20,000,000-$30,000,000 one day after launch?",5,2,medium,low,NONE,GO_EVALUATE,SKIP,null,0.14,False,,,,2024-12-04T12:00:00+00:00,2024-12-05T12:00:00+00:00
502089,Roaring Kitty jail in 2024?,5,1,medium,low,NONE,GO_EVALUATE,SKIP,null,0.0025,False,,,,2024-12-30T12:00:00+00:00,2024-12-31T12:00:00+00:00
507702,Diddy sex tape released before November?  ,4,2,medium,low,NONE,GO_EVALUATE,SKIP,null,0.014,False,,,,2024-10-30T12:00:00+00:00,2024-10-31T12:00:00+00:00
516065,Will Sabrina Carpenter be named the Billboard Greatest artist of 2024?,3,3,medium,low,NONE,GO_EVALUATE,SKIP,null,0.73,False,,,,2024-12-22T12:00:00+00:00,2024-12-23T12:00:00+00:00
253989,Will 'Dune: Part Two' gross between $90m-100m opening weekend?,5,8,medium,medium,NONE,GO_EVALUATE,GO,NO,0.13,False,0.13,6.39,5.56,2024-02-29T00:00:00+00:00,2024-03-01T00:00:00+00:00
512329,Will Elon's daughter move out of the U.S.?,2,2,high,low,NONE,GO_EVALUATE,SKIP,null,0.0045,False,,,,2024-12-30T12:00:00+00:00,2024-12-31T12:00:00+00:00
253513,TikTok banned in the US by June 30?,6,2,medium,low,NONE,GO_EVALUATE,SKIP,null,0.0085,False,,,,2024-06-28T00:00:00+00:00,2024-06-29T00:00:00+00:00
504387,Will Kamala Harris go on SNL?,4,2,medium,low,NONE,GO_EVALUATE,SKIP,null,0.032,True,,,,2024-11-01T12:00:00+00:00,2024-11-02T12:00:00+00:00
515217,Adin Ross unbanned from Twitch before 2025?,4,2,medium,low,NONE,GO_EVALUATE,SKIP,null,0.0055,False,,,,2024-12-30T12:00:00+00:00,2024-12-31T12:00:00+00:00
254250,Will 'Joker 2' gross most in 2024?,4,2,medium,low,NONE,GO_EVALUATE,SKIP,null,0.0005,False,,,,2024-12-28T00:00:00+00:00,2024-12-29T00:00:00+00:00
505415,Will 'Beetlejuice Beetlejuice' gross between $75m and $85m opening weekend?,5,2,medium,low,NONE,GO_EVALUATE,SKIP,null,0.002,False,,,,2024-09-08T12:00:00+00:00,2024-09-09T12:00:00+00:00
505630,Another Trump x Musk space before October?,4,2,medium,low,NONE,GO_EVALUATE,SKIP,null,0.006,False,,,,2024-09-29T12:00:00+00:00,2024-09-30T12:00:00+00:00
254538,Will Israel win Eurovision 2024?,3,2,medium,low,NONE,GO_EVALUATE,SKIP,null,0.028,False,,,,2024-05-07T00:00:00+00:00,2024-05-08T00:00:00+00:00
509872,Will Kamala go on Joe Rogan before election?,4,6,medium,medium,NONE,GO_EVALUATE,SKIP,null,0.022,False,,,,2024-11-03T12:00:00+00:00,2024-11-04T12:00:00+00:00
513746,Will 'Black Myth: Wukong' win Game of the Year?,3,8,medium,medium,PUBLIC_INFO_ADJUSTED,SKIP,SKIP,null,0.16,False,,,,2024-12-11T12:00:00+00:00,2024-12-12T12:00:00+00:00
501545,$GME all time high by Friday?,4,7,medium,medium,NONE,GO_EVALUATE,SKIP,null,0.0115,False,,,,2024-05-16T12:00:00+00:00,2024-05-17T12:00:00+00:00
253962,Will Paul Giamatti win the Oscar for Best Actor?,4,2,medium,low,NONE,GO_EVALUATE,SKIP,null,0.1,False,,,,2024-03-07T00:00:00+00:00,2024-03-08T00:00:00+00:00
518345,Will Elon tweet 300-324 times Jan 10-17?,4,8,medium,medium,NONE,GO_EVALUATE,SKIP,null,0.0055,False,,,,2025-01-16T12:00:00+00:00,2025-01-17T12:00:00+00:00
254545,Will Ireland win Eurovision 2024?,2,2,high,low,NONE,GO_EVALUATE,SKIP,null,0.055,False,,,,2024-05-07T00:00:00+00:00,2024-05-08T00:00:00+00:00
517052,Cybertruck explosion perp arrested by Sunday?,5,8,medium,medium,NONE,GO_EVALUATE,SKIP,null,0.007,False,,,,2025-01-04T12:00:00+00:00,2025-01-05T12:00:00+00:00
507271,Will Diddy flee the US before October?,3,2,medium,low,NONE,GO_EVALUATE,SKIP,null,0.0035,False,,,,2024-09-29T12:00:00+00:00,2024-09-30T12:00:00+00:00
514053,"Will ""Moana 2"" have a Tomatometer score of 75-79?",4,2,medium,low,NONE,GO_EVALUATE,SKIP,null,0.0005,False,,,,2024-12-01T12:00:00+00:00,2024-12-02T12:00:00+00:00
513691,Will MrBeast x Ronaldo video get 125m or more views on day 1?,4,2,medium,low,NONE,GO_EVALUATE,SKIP,null,0.039,False,,,,2024-11-29T12:00:00+00:00,2024-11-30T12:00:00+00:00
512855,Will Gladiator II gross between $67-75m on opening weekend?,4,2,medium,low,NONE,GO_EVALUATE,SKIP,null,0.22,False,,,,2024-11-21T12:00:00+00:00,2024-11-22T12:00:00+00:00
506752,Will 'Joker: Folie ŕ Deux' gross less than $105m opening weekend?,4,3,medium,low,NONE,GO_EVALUATE,SKIP,null,0.9985,True,,,,2024-10-06T12:00:00+00:00,2024-10-07T12:00:00+00:00
511645,Will Elon tweet 425-449 times November 1-8?,4,8,medium,medium,NONE,GO_EVALUATE,SKIP,null,0.035,False,,,,2024-11-07T12:00:00+00:00,2024-11-08T12:00:00+00:00
254072,Will Emma Stone win the Oscar for Best Actress?,5,8,medium,medium,NONE,GO_EVALUATE,GO,NO,0.355,True,-0.645,6.39,5.56,2024-03-08T00:00:00+00:00,2024-03-09T00:00:00+00:00
515932,Will 'Conclave' win the Golden Globe for Best Original Score?,4,4,medium,low,NONE,GO_EVALUATE,SKIP,null,0.365,False,,,,2025-01-04T12:00:00+00:00,2025-01-05T12:00:00+00:00
500594,Will David Hoffman defeat Nic Carter?,4,2,medium,low,NONE,GO_EVALUATE,SKIP,null,0.0175,False,,,,2024-05-29T12:00:00+00:00,2024-05-30T12:00:00+00:00
507748,Will 'The Wild Robot' gross between $24m and $31m opening weekend?,4,9,medium,medium,NONE,GO_EVALUATE,SKIP,null,0.015,False,,,,2024-09-29T12:00:00+00:00,2024-09-30T12:00:00+00:00
513748,Will 'Final Fantasy 7 Rebirth' win Game of the Year?,4,2,medium,low,NONE,GO_EVALUATE,SKIP,null,0.245,False,,,,2024-12-11T12:00:00+00:00,2024-12-12T12:00:00+00:00
515265,Will 'Sonic 3' gross more than $80m on 3-day opening weekend?,4,9,medium,medium,NONE,GO_EVALUATE,SKIP,null,0.002,False,,,,2024-12-22T12:00:00+00:00,2024-12-23T12:00:00+00:00
515257,Will 'Mufasa: The Lion King' gross between $52-58m on 3-day opening weekend?,4,2,medium,low,NONE,GO_EVALUATE,SKIP,null,0.003,False,,,,2024-12-22T12:00:00+00:00,2024-12-23T12:00:00+00:00
515259,Will 'Mufasa: The Lion King' gross between $64-70m on 3-day opening weekend?,4,2,medium,low,NONE,GO_EVALUATE,SKIP,null,0.0005,False,,,,2024-12-22T12:00:00+00:00,2024-12-23T12:00:00+00:00
515735,Mystery Drones searching for nuclear weapons?,3,2,medium,low,NONE,GO_EVALUATE,SKIP,null,0.0045,False,,,,2024-12-29T12:00:00+00:00,2024-12-30T12:00:00+00:00
254410,Will Ether Rock sell for over $600k at Sotheby’s?,5,2,medium,low,NONE,GO_EVALUATE,SKIP,null,0.003,False,,,,2024-02-28T00:00:00+00:00,2024-02-29T00:00:00+00:00
514504,Will 'Kraven the Hunter' gross between $16-19m on 3-day opening weekend?,4,9,medium,medium,NONE,GO_EVALUATE,SKIP,null,0.0025,False,,,,2024-12-15T12:00:00+00:00,2024-12-16T12:00:00+00:00
514508,Will 'Kraven the Hunter' gross more than $25m on 3-day opening weekend?,5,2,medium,low,NONE,GO_EVALUATE,SKIP,null,0.0005,False,,,,2024-12-15T12:00:00+00:00,2024-12-16T12:00:00+00:00
508975,"KSI's ""Thick Of It"" debuts on Billboard hot 100?",3,3,medium,low,NONE,GO_EVALUATE,SKIP,null,0.9985,True,,,,2024-10-17T12:00:00+00:00,2024-10-18T12:00:00+00:00
514056,"Will ""Moana 2"" have a Tomatometer score of 90 or more?",4,2,medium,low,NONE,GO_EVALUATE,SKIP,null,0.0005,False,,,,2024-12-01T12:00:00+00:00,2024-12-02T12:00:00+00:00
506768,Cops who arrested Tyreek Hill fired?,4,2,medium,low,NONE,GO_EVALUATE,SKIP,null,0.0125,False,,,,2024-09-29T12:00:00+00:00,2024-09-30T12:00:00+00:00
515271,Will 'Nickel Boys' be nominated for Oscar for Best Picture?,3,8,medium,medium,PUBLIC_INFO_ADJUSTED,SKIP,SKIP,null,0.495,True,,,,2025-01-22T12:00:00+00:00,2025-01-23T12:00:00+00:00
505124,Grok bans image generation of Trump in August?,5,2,medium,low,NONE,GO_EVALUATE,SKIP,null,0.0125,False,,,,2024-08-30T12:00:00+00:00,2024-08-31T12:00:00+00:00
513749,Will 'Metaphor: ReFantazio' win Game of the Year?,4,2,medium,low,NONE,GO_EVALUATE,SKIP,null,0.0595,False,,,,2024-12-11T12:00:00+00:00,2024-12-12T12:00:00+00:00
513752,Diddy released from custody before December?,5,8,medium,medium,NONE,GO_EVALUATE,SKIP,null,0.002,False,,,,2024-11-29T12:00:00+00:00,2024-11-30T12:00:00+00:00
512931,Will 'Red One' gross more than $27m on opening weekend?,5,9,medium,medium,NONE,GO_EVALUATE,SKIP,null,0.993,True,,,,2024-11-17T12:00:00+00:00,2024-11-18T12:00:00+00:00
505417,Will 'Beetlejuice Beetlejuice' gross between $95m and $105m opening weekend?,4,9,medium,high,NONE,GO_EVALUATE,GO,YES,0.175,False,-0.175,7.38,9.52,2024-09-08T12:00:00+00:00,2024-09-09T12:00:00+00:00
516098,Will 'Elden Ring' win Labor of Love in the 2024 Steam Awards?,3,2,medium,low,NONE,GO_EVALUATE,SKIP,null,0.029,True,,,,2024-12-30T12:00:00+00:00,2024-12-31T12:00:00+00:00
516100,Will 'Balatro' win Most Innovative Gameplay in the 2024 Steam Awards?,3,2,medium,low,NONE,GO_EVALUATE,SKIP,null,0.955,False,,,,2024-12-30T12:00:00+00:00,2024-12-31T12:00:00+00:00
511103,Will 'Wicked' gross between $125-135m opening weekend?,4,8,medium,medium,NONE,GO_EVALUATE,SKIP,null,0.063,False,,,,2024-11-24T12:00:00+00:00,2024-11-25T12:00:00+00:00
254536,Will Italy win Eurovision 2024?,2,2,high,low,NONE,GO_EVALUATE,SKIP,null,0.165,False,,,,2024-05-07T00:00:00+00:00,2024-05-08T00:00:00+00:00
517051,Cybertruck explosion perp charged by Wednesday?,6,2,medium,low,NONE,GO_EVALUATE,SKIP,null,0.0025,False,,,,2025-01-07T12:00:00+00:00,2025-01-08T12:00:00+00:00
506755,Will 'Joker: Folie ŕ Deux' gross between $135-150m opening weekend?,5,2,medium,low,NONE,GO_EVALUATE,SKIP,null,0.0005,False,,,,2024-10-06T12:00:00+00:00,2024-10-07T12:00:00+00:00
517997,Will 'Den of Thieves 2: Pantera' opening weekend gross less than $16m?,4,9,medium,medium,NONE,GO_EVALUATE,GO,YES,0.87,True,0.13,6.75,7.0,2025-01-12T12:00:00+00:00,2025-01-13T12:00:00+00:00
515884,Will Angelina Jolie win the Golden Globe for Best Actress in a Movie - Drama?,6,7,medium,medium,NONE,GO_EVALUATE,SKIP,null,0.555,False,,,,2025-01-04T12:00:00+00:00,2025-01-05T12:00:00+00:00
507265,Will 'Transformers One' gross less than $35-42m opening weekend?,4,9,medium,medium,NONE,GO_EVALUATE,SKIP,null,0.0045,False,,,,2024-09-22T12:00:00+00:00,2024-09-23T12:00:00+00:00
255014,Will 'Dune: Part Two' gross between $250m-300m by May 15?,5,2,medium,low,NONE,GO_EVALUATE,SKIP,null,0.995,True,,,,2024-05-12T00:00:00+00:00,2024-05-13T00:00:00+00:00
515203,Will Luigi Mangione tweet again by Friday?,3,2,medium,low,NONE,GO_EVALUATE,SKIP,null,0.0095,False,,,,2024-12-12T12:00:00+00:00,2024-12-13T12:00:00+00:00
500313,Tom Hardy announced as next James Bond?,5,3,medium,low,NONE,GO_EVALUATE,SKIP,null,0.003,False,,,,2024-12-30T12:00:00+00:00,2024-12-31T12:00:00+00:00
513531,30m Bluesky users in November?,3,2,medium,low,NONE,GO_EVALUATE,SKIP,null,0.003,False,,,,2024-11-29T12:00:00+00:00,2024-11-30T12:00:00+00:00
253942,Andrew Tate guilty of human trafficking in 2024?,7,1,medium,low,PRE_SIGNAL,WATCH,SKIP,null,0.003,False,,,,2024-12-29T12:00:00+00:00,2024-12-30T12:00:00+00:00
504437,Trump photographed holding baby in August?,3,2,medium,low,NONE,GO_EVALUATE,SKIP,null,0.0365,False,,,,2024-08-30T12:00:00+00:00,2024-08-31T12:00:00+00:00
512854,Will Gladiator II gross between $60-67m on opening weekend?,4,8,medium,medium,NONE,GO_EVALUATE,SKIP,null,0.41,False,,,,2024-11-21T12:00:00+00:00,2024-11-22T12:00:00+00:00
510693,Will Joe Rogan announce he is voting for Trump?,6,8,medium,medium,NONE,GO_EVALUATE,GO,NO,0.105,False,0.105,6.66,6.64,2024-11-03T12:00:00+00:00,2024-11-04T12:00:00+00:00
513751,Will another game win Game of the Year?,3,2,medium,low,NONE,GO_EVALUATE,SKIP,null,0.0025,False,,,,2024-12-11T12:00:00+00:00,2024-12-12T12:00:00+00:00
516112,Will 'Nosferatu' gross between $25-30m on 5-day opening weekend?,5,9,medium,medium,NONE,GO_EVALUATE,SKIP,null,0.004,False,,,,2024-12-29T12:00:00+00:00,2024-12-30T12:00:00+00:00
514816,Hailey Welch jail in 2024?,5,2,medium,low,NONE,GO_EVALUATE,SKIP,null,0.003,False,,,,2024-12-30T12:00:00+00:00,2024-12-31T12:00:00+00:00
513714,Will 'Moana 2' gross over $200m on 5-day opening?,5,9,medium,medium,NONE,GO_EVALUATE,SKIP,null,0.9905,True,,,,2024-12-01T12:00:00+00:00,2024-12-02T12:00:00+00:00
515179,Fact Check: was Luigi Mangione paid?,4,2,medium,low,NONE,GO_EVALUATE,SKIP,null,0.017,False,,,,2024-12-30T12:00:00+00:00,2024-12-31T12:00:00+00:00
509969,Will 'Smile 2' gross more than $27m opening weekend?,5,8,medium,medium,NONE,GO_EVALUATE,SKIP,null,0.006,False,,,,2024-10-20T12:00:00+00:00,2024-10-21T12:00:00+00:00
512853,Will Gladiator II gross between $53-60m on opening weekend?,4,2,medium,low,NONE,GO_EVALUATE,SKIP,null,0.205,True,,,,2024-11-21T12:00:00+00:00,2024-11-22T12:00:00+00:00
512930,Will 'Red One' gross between $24-27m on opening weekend?,5,9,medium,medium,NONE,GO_EVALUATE,SKIP,null,0.0045,False,,,,2024-11-17T12:00:00+00:00,2024-11-18T12:00:00+00:00
507752,Will 'The Wild Robot' gross more than $38m opening weekend?,4,9,medium,medium,NONE,GO_EVALUATE,SKIP,null,0.0315,False,,,,2024-09-29T12:00:00+00:00,2024-09-30T12:00:00+00:00
510927,Elon Musk arrested in 2024?,6,2,medium,low,NONE,GO_EVALUATE,SKIP,null,0.003,False,,,,2024-12-30T12:00:00+00:00,2024-12-31T12:00:00+00:00
254537,Will Croatia win Eurovision 2024?,2,2,high,low,NONE,GO_EVALUATE,SKIP,null,0.345,False,,,,2024-05-07T00:00:00+00:00,2024-05-08T00:00:00+00:00
514052,"Will ""Moana 2"" have a Tomatometer score of 70-74?",4,2,medium,low,NONE,GO_EVALUATE,SKIP,null,0.004,False,,,,2024-12-01T12:00:00+00:00,2024-12-02T12:00:00+00:00
518346,Will Elon tweet 325-349 times Jan 10-17?,4,8,medium,medium,NONE,GO_EVALUATE,SKIP,null,0.0405,False,,,,2025-01-16T12:00:00+00:00,2025-01-17T12:00:00+00:00
253854,"Will ""The Zone of Interest"" win the Oscar for Best Picture?",4,3,medium,low,NONE,GO_EVALUATE,SKIP,null,0.0145,False,,,,2024-03-08T00:00:00+00:00,2024-03-09T00:00:00+00:00
514054,"Will ""Moana 2"" have a Tomatometer score of 80-84?",4,1,medium,low,NONE,GO_EVALUATE,SKIP,null,0.0005,False,,,,2024-12-01T12:00:00+00:00,2024-12-02T12:00:00+00:00
253990,Will 'Dune: Part Two' gross over $100m opening weekend?,4,6,medium,medium,NONE,GO_EVALUATE,SKIP,null,0.095,False,,,,2024-02-29T00:00:00+00:00,2024-03-01T00:00:00+00:00
501413,Drake or Kendrick higher on Billboard Hot 100 this week?,3,2,medium,low,NONE,GO_EVALUATE,SKIP,null,0.003,False,,,,2024-05-13T12:00:00+00:00,2024-05-14T12:00:00+00:00
505680,Will Ex-Amazon VP reveal who seduced his wife?,4,1,medium,low,NONE,GO_EVALUATE,SKIP,null,0.0205,False,,,,2024-08-24T12:00:00+00:00,2024-08-25T12:00:00+00:00
509967,Will 'Smile 2' gross $21-24m opening weekend?,4,9,medium,medium,NONE,GO_EVALUATE,GO,YES,0.85,True,0.15,6.75,7.0,2024-10-20T12:00:00+00:00,2024-10-21T12:00:00+00:00
506927,Caroline Ellison sentenced to 36-47 months in prison?,7,2,medium,low,PRE_SIGNAL,WATCH,SKIP,null,0.0325,False,,,,2024-09-23T12:00:00+00:00,2024-09-24T12:00:00+00:00
516111,Will 'Nosferatu' gross between $20-25m on 5-day opening weekend?,5,2,medium,low,NONE,GO_EVALUATE,SKIP,null,0.0015,False,,,,2024-12-29T12:00:00+00:00,2024-12-30T12:00:00+00:00
509636,Will Trump tweet 40 or more times October 11-18?,4,7,medium,medium,NONE,GO_EVALUATE,SKIP,null,0.42,False,,,,2024-10-17T12:00:00+00:00,2024-10-18T12:00:00+00:00
514167,"Will $HAWK FDV be below $10,000,000 one day after launch?",5,6,medium,medium,NONE,GO_EVALUATE,SKIP,null,0.285,False,,,,2024-12-04T12:00:00+00:00,2024-12-05T12:00:00+00:00
254547,Will France win Eurovision 2024?,3,2,medium,low,NONE,GO_EVALUATE,SKIP,null,0.044,False,,,,2024-05-07T00:00:00+00:00,2024-05-08T00:00:00+00:00
511100,Will 'Wicked' gross between $95-105m opening weekend?,5,8,medium,medium,NONE,GO_EVALUATE,GO,NO,0.086,False,0.086,6.39,5.56,2024-11-24T12:00:00+00:00,2024-11-25T12:00:00+00:00
502029,Roaring Kitty billionaire by Friday?,5,2,medium,low,NONE,GO_EVALUATE,SKIP,null,0.0105,False,,,,2024-06-06T12:00:00+00:00,2024-06-07T12:00:00+00:00
518349,Will Elon tweet 400-424 times Jan 10-17?,4,9,medium,medium,NONE,GO_EVALUATE,GO,YES,0.26,True,0.74,6.75,7.0,2025-01-16T12:00:00+00:00,2025-01-17T12:00:00+00:00
515260,Will 'Mufasa: The Lion King' gross more than $70m on 3-day opening weekend?,5,2,medium,low,NONE,GO_EVALUATE,SKIP,null,0.0005,False,,,,2024-12-22T12:00:00+00:00,2024-12-23T12:00:00+00:00
510401,Will 'Venom: The Last Dance' gross between $61-70m opening weekend?,4,9,medium,medium,NONE,GO_EVALUATE,SKIP,null,0.0035,False,,,,2024-10-27T12:00:00+00:00,2024-10-28T12:00:00+00:00
503045,Will the US confirm that aliens exist in 2024?,2,3,high,low,NONE,GO_EVALUATE,SKIP,null,0.0035,False,,,,2024-12-30T12:00:00+00:00,2024-12-31T12:00:00+00:00
515261,Will 'Sonic 3' gross less than $56m on 3-day opening weekend?,4,2,medium,low,NONE,GO_EVALUATE,SKIP,null,0.02,False,,,,2024-12-22T12:00:00+00:00,2024-12-23T12:00:00+00:00
253975,Will someone else win the Oscar for Best Actor?,4,1,medium,low,NONE,GO_EVALUATE,SKIP,null,0.0015,False,,,,2024-03-07T00:00:00+00:00,2024-03-08T00:00:00+00:00
516094,Will 'Stardew Valley' win Labor of Love in the 2024 Steam Awards?,3,3,medium,low,NONE,GO_EVALUATE,SKIP,null,0.85,False,,,,2024-12-30T12:00:00+00:00,2024-12-31T12:00:00+00:00
506754,Will 'Joker: Folie ŕ Deux' gross between $120-135m opening weekend?,4,2,medium,low,NONE,GO_EVALUATE,SKIP,null,0.0005,False,,,,2024-10-06T12:00:00+00:00,2024-10-07T12:00:00+00:00
500774,Will 'Civil War' gross between $17-20m opening weekend?,5,9,medium,medium,NONE,GO_EVALUATE,SKIP,null,0.003,False,,,,2024-04-14T12:00:00+00:00,2024-04-15T12:00:00+00:00
504675,Will Taylor Swift attend the DNC?,3,8,medium,medium,PUBLIC_INFO_ADJUSTED,SKIP,SKIP,null,0.0665,False,,,,2024-08-21T12:00:00+00:00,2024-08-22T12:00:00+00:00
500593,Will Nic Carter defeat David Hoffman?,4,2,medium,low,NONE,GO_EVALUATE,SKIP,null,0.055,False,,,,2024-05-29T12:00:00+00:00,2024-05-30T12:00:00+00:00
505810,'Deadpool & Wolverine' over $600m by Labor Day? ,4,8,medium,medium,NONE,GO_EVALUATE,SKIP,null,0.996,True,,,,2024-09-02T12:00:00+00:00,2024-09-03T12:00:00+00:00
514051,"Will ""Moana 2"" have a Tomatometer score of 60-69?",4,7,medium,medium,NONE,GO_EVALUATE,SKIP,null,0.9935,True,,,,2024-12-01T12:00:00+00:00,2024-12-02T12:00:00+00:00
500775,Will 'Civil War' gross less than $17m opening weekend?,5,8,medium,medium,NONE,GO_EVALUATE,SKIP,null,0.0005,False,,,,2024-04-14T12:00:00+00:00,2024-04-15T12:00:00+00:00
507273,Diddy released from custody by Friday?,6,1,medium,low,NONE,GO_EVALUATE,SKIP,null,0.0135,False,,,,2024-09-19T12:00:00+00:00,2024-09-20T12:00:00+00:00
506078,Lana Del Rey pregnant in 2024?,3,2,medium,low,NONE,GO_EVALUATE,SKIP,null,0.006,False,,,,2024-12-30T12:00:00+00:00,2024-12-31T12:00:00+00:00
503283,Deadpool & Wolverine' over $200m opening weekend?,4,9,medium,medium,NONE,GO_EVALUATE,GO,YES,0.69,True,0.31,6.75,7.0,2024-07-27T12:00:00+00:00,2024-07-28T12:00:00+00:00
510400,Will 'Venom: The Last Dance' gross between $53-61m opening weekend?,4,9,medium,medium,NONE,GO_EVALUATE,GO,NO,0.074,False,0.074,6.75,6.4,2024-10-27T12:00:00+00:00,2024-10-28T12:00:00+00:00
254252,Will 'Despicable Me 4' gross most in 2024?,4,1,medium,low,NONE,GO_EVALUATE,SKIP,null,0.0015,False,,,,2024-12-28T00:00:00+00:00,2024-12-29T00:00:00+00:00
512926,Will 'Red One' gross less than $18m on opening weekend?,5,8,medium,medium,NONE,GO_EVALUATE,SKIP,null,0.0015,False,,,,2024-11-17T12:00:00+00:00,2024-11-18T12:00:00+00:00
500959,Will 'Deadpool & Wolverine' gross between $110m and $130m opening weekend?,5,2,medium,low,NONE,GO_EVALUATE,SKIP,null,0.002,False,,,,2024-07-27T12:00:00+00:00,2024-07-28T12:00:00+00:00
509966,Will 'Smile 2' gross less than $21m opening weekend?,5,9,medium,medium,NONE,GO_EVALUATE,SKIP,null,0.0095,False,,,,2024-10-20T12:00:00+00:00,2024-10-21T12:00:00+00:00
253846,"Will ""Poor Things"" win the Oscar for Best Picture?",5,2,medium,low,NONE,GO_EVALUATE,SKIP,null,0.026,False,,,,2024-03-08T00:00:00+00:00,2024-03-09T00:00:00+00:00
508331,Will 'Joker: Folie ŕ Deux' gross between $54-60m opening weekend?,5,9,medium,medium,NONE,GO_EVALUATE,SKIP,null,0.0035,False,,,,2024-10-06T12:00:00+00:00,2024-10-07T12:00:00+00:00
502188,Did Biden shit his pants?,1,2,high,low,NONE,GO_EVALUATE,SKIP,null,0.0035,False,,,,2024-06-09T12:00:00+00:00,2024-06-10T12:00:00+00:00
515895,Will Jesse Eisenberg win the Golden Globe for Best Actor in a Movie - Musical or Comedy?,4,7,medium,medium,NONE,GO_EVALUATE,SKIP,null,0.47,False,,,,2025-01-04T12:00:00+00:00,2025-01-05T12:00:00+00:00
521495,Will Elon tweet 675-699 times Jan 31 - Feb 7?,4,8,medium,medium,NONE,GO_EVALUATE,SKIP,null,0.169,False,,,,2025-02-06T12:00:00+00:00,2025-02-07T12:00:00+00:00
253987,Will 'Dune: Part Two' gross between $70m-80m opening weekend?,5,5,medium,medium,NONE,GO_EVALUATE,SKIP,null,0.365,False,,,,2024-02-29T00:00:00+00:00,2024-03-01T00:00:00+00:00
513414,Will Speed sign deal to fight Jake Paul this week?,6,3,medium,low,NONE,GO_EVALUATE,SKIP,null,0.013,False,,,,2024-11-23T12:00:00+00:00,2024-11-24T12:00:00+00:00
515256,Will 'Mufasa: The Lion King' gross less than $52m on 3-day opening weekend?,4,6,medium,medium,NONE,GO_EVALUATE,SKIP,null,0.996,True,,,,2024-12-22T12:00:00+00:00,2024-12-23T12:00:00+00:00
512857,Will 'Moana 2' gross less than $135m on 5-day opening weekend?,5,3,medium,low,NONE,GO_EVALUATE,SKIP,null,0.0405,False,,,,2024-11-26T12:00:00+00:00,2024-11-27T12:00:00+00:00
515919,Will 'Anora' win the Golden Globe for Best Screenplay?,5,6,medium,medium,NONE,GO_EVALUATE,SKIP,null,0.625,False,,,,2025-01-04T12:00:00+00:00,2025-01-05T12:00:00+00:00
515737,US Government confirms what Mystery Drones are in 2024?,4,2,medium,low,NONE,GO_EVALUATE,SKIP,null,0.0055,False,,,,2024-12-30T12:00:00+00:00,2024-12-31T12:00:00+00:00
501238,Will 'The Fall Guy' gross more than $28m opening weekend?,5,9,medium,medium,NONE,GO_EVALUATE,GO,NO,0.6,False,0.6,7.02,8.08,2024-05-05T12:00:00+00:00,2024-05-06T12:00:00+00:00
507745,Will 'The Wild Robot' gross less than $24m opening weekend?,4,8,medium,medium,NONE,GO_EVALUATE,SKIP,null,0.002,False,,,,2024-09-29T12:00:00+00:00,2024-09-30T12:00:00+00:00
521485,Will Elon tweet less than 500 times Jan 31 - Feb 7?,4,1,medium,low,NONE,GO_EVALUATE,SKIP,null,0.0025,False,,,,2025-02-06T12:00:00+00:00,2025-02-07T12:00:00+00:00
507435,New Diddy charges before November?,6,2,medium,low,NONE,GO_EVALUATE,SKIP,null,0.031,False,,,,2024-10-30T12:00:00+00:00,2024-10-31T12:00:00+00:00
514505,Will 'Kraven the Hunter' gross between $19-22m on 3-day opening weekend?,5,3,medium,low,NONE,GO_EVALUATE,SKIP,null,0.0015,False,,,,2024-12-15T12:00:00+00:00,2024-12-16T12:00:00+00:00
509262,Will 'Terrifier 3' gross more than $19m opening weekend?,4,9,medium,medium,NONE,GO_EVALUATE,SKIP,null,0.0455,False,,,,2024-10-13T12:00:00+00:00,2024-10-14T12:00:00+00:00
501525,Will Elon tweet 150 or more times?,4,2,medium,low,NONE,GO_EVALUATE,SKIP,null,0.0015,False,,,,2024-05-16T12:00:00+00:00,2024-05-17T12:00:00+00:00
504650,Will 'It Ends with Us' gross between $40m and $44m opening weekend?,4,9,medium,medium,NONE,GO_EVALUATE,SKIP,null,0.003,False,,,,2024-08-11T12:00:00+00:00,2024-08-12T12:00:00+00:00
518344,Will Elon tweet less than 300 times Jan 10-17?,6,6,medium,medium,NONE,GO_EVALUATE,SKIP,null,0.0075,False,,,,2025-01-16T12:00:00+00:00,2025-01-17T12:00:00+00:00
513544,'Wicked' grosses 2x more than 'Gladiator 2' on opening weekend?,4,8,medium,medium,NONE,GO_EVALUATE,SKIP,null,0.6,True,,,,2024-11-24T12:00:00+00:00,2024-11-25T12:00:00+00:00
516521,Will Laura Loomer get her bluecheck back by Friday?,4,9,medium,medium,NONE,GO_EVALUATE,GO,NO,0.07,False,0.07,6.75,6.0,2025-01-02T12:00:00+00:00,2025-01-03T12:00:00+00:00
506928,Caroline Ellison sentenced to 48-59 months in prison?,7,2,medium,low,PRE_SIGNAL,WATCH,SKIP,null,0.0155,False,,,,2024-09-23T12:00:00+00:00,2024-09-24T12:00:00+00:00
512928,Will 'Red One' gross between $18-21m on opening weekend?,5,8,medium,medium,NONE,GO_EVALUATE,SKIP,null,0.0005,False,,,,2024-11-17T12:00:00+00:00,2024-11-18T12:00:00+00:00
514055,"Will ""Moana 2"" have a Tomatometer score of 85-89?",4,2,medium,low,NONE,GO_EVALUATE,SKIP,null,0.0035,False,,,,2024-12-01T12:00:00+00:00,2024-12-02T12:00:00+00:00
515262,Will 'Sonic 3' gross between $56-64m on 3-day opening weekend?,4,9,medium,medium,NONE,GO_EVALUATE,GO,YES,0.734,True,0.266,6.75,7.0,2024-12-22T12:00:00+00:00,2024-12-23T12:00:00+00:00
514578,Will the Gävle Goat burn in 2024?,2,2,high,low,NONE,GO_EVALUATE,SKIP,null,0.0365,False,,,,2024-12-30T12:00:00+00:00,2024-12-31T12:00:00+00:00
513747,Will 'Elden Ring: Shadow of the Erdtree' win Game of the Year?,4,2,medium,low,NONE,GO_EVALUATE,SKIP,null,0.035,False,,,,2024-12-11T12:00:00+00:00,2024-12-12T12:00:00+00:00
510402,Will 'Venom: The Last Dance' gross more than $70m opening weekend?,4,9,medium,medium,NONE,GO_EVALUATE,SKIP,null,0.003,False,,,,2024-10-27T12:00:00+00:00,2024-10-28T12:00:00+00:00
254448,CZ sentenced to prison?,7,8,medium,medium,DIRECTIONAL_CONFLICT,GO_EVALUATE,GO,NO,0.665,True,-0.335,6.93,7.72,2024-04-28T12:00:00+00:00,2024-04-29T12:00:00+00:00
515258,Will 'Mufasa: The Lion King' gross between $58-64m on 3-day opening weekend?,4,2,medium,low,NONE,GO_EVALUATE,SKIP,null,0.0005,False,,,,2024-12-22T12:00:00+00:00,2024-12-23T12:00:00+00:00
502607,Martin Shkreli jail in 2024?,4,2,medium,low,NONE,GO_EVALUATE,SKIP,null,0.002,False,,,,2024-12-30T12:00:00+00:00,2024-12-31T12:00:00+00:00
255300,Kung Fu Panda 4 over $36m opening weekend?,4,8,medium,medium,NONE,GO_EVALUATE,SKIP,null,0.9925,True,,,,2024-03-10T00:00:00+00:00,2024-03-11T00:00:00+00:00
508332,Will 'Joker: Folie ŕ Deux' gross between $60-66m opening weekend?,5,8,medium,medium,NONE,GO_EVALUATE,SKIP,null,0.005,False,,,,2024-10-06T12:00:00+00:00,2024-10-07T12:00:00+00:00
515202,Is Luigi Mangione YouTube channel real?,2,2,high,low,NONE,GO_EVALUATE,SKIP,null,0.0025,False,,,,2024-12-30T12:00:00+00:00,2024-12-31T12:00:00+00:00
511643,Will Elon tweet 375-399 times November 1-8?,4,9,medium,high,NONE,GO_EVALUATE,GO,YES,0.2,True,0.8,7.38,9.52,2024-11-07T12:00:00+00:00,2024-11-08T12:00:00+00:00
512809,Will Gladiator II gross less than $53m on opening weekend?,4,2,medium,low,NONE,GO_EVALUATE,SKIP,null,0.0505,False,,,,2024-11-21T12:00:00+00:00,2024-11-22T12:00:00+00:00
500311,Rege-Jean Page announced as next James Bond?,6,2,medium,low,NONE,GO_EVALUATE,SKIP,null,0.002,False,,,,2024-12-30T05:00:00+00:00,2024-12-31T05:00:00+00:00
505418,Will 'Beetlejuice Beetlejuice' gross more than $105m opening weekend?,5,9,medium,medium,NONE,GO_EVALUATE,GO,NO,0.78,True,-0.22,7.02,8.08,2024-09-08T12:00:00+00:00,2024-09-09T12:00:00+00:00
513258,Jake Paul vs. Mike Tyson fight rigged?,6,3,medium,low,NONE,GO_EVALUATE,SKIP,null,0.0085,False,,,,2024-11-22T12:00:00+00:00,2024-11-23T12:00:00+00:00
501523,Will Elon tweet 120-134 times?,4,2,medium,low,NONE,GO_EVALUATE,SKIP,null,0.002,False,,,,2024-05-16T12:00:00+00:00,2024-05-17T12:00:00+00:00
254535,Will Ukraine win Eurovision 2024?,2,2,high,low,NONE,GO_EVALUATE,SKIP,null,0.135,False,,,,2024-05-07T00:00:00+00:00,2024-05-08T00:00:00+00:00
507267,Will 'Transformers One' gross more than $49m opening weekend?,4,1,medium,low,NONE,GO_EVALUATE,SKIP,null,0.0015,False,,,,2024-09-22T12:00:00+00:00,2024-09-23T12:00:00+00:00
504651,Will 'It Ends with Us' gross more than $44m on its opening weekend?,4,9,medium,medium,NONE,GO_EVALUATE,SKIP,null,0.9945,True,,,,2024-08-11T12:00:00+00:00,2024-08-12T12:00:00+00:00
253847,"Will ""Killers of the Flower Moon"" win the Oscar for Best Picture?",4,2,medium,low,NONE,GO_EVALUATE,SKIP,null,0.0125,False,,,,2024-03-08T00:00:00+00:00,2024-03-09T00:00:00+00:00
254412,Will Sam Altman raise >$1 trillion in Q1 2024?,7,2,medium,low,PRE_SIGNAL,WATCH,SKIP,null,0.002,False,,,,2024-03-30T00:00:00+00:00,2024-03-31T00:00:00+00:00
507264,Will 'Transformers One' gross less than $35m opening weekend?,4,9,medium,medium,NONE,GO_EVALUATE,SKIP,null,0.9945,True,,,,2024-09-22T12:00:00+00:00,2024-09-23T12:00:00+00:00
506753,Will 'Joker: Folie ŕ Deux' gross between $105-120m opening weekend?,5,2,medium,low,NONE,GO_EVALUATE,SKIP,null,0.0005,False,,,,2024-10-06T12:00:00+00:00,2024-10-07T12:00:00+00:00
253524,“All I want for Christmas is You” #1 on Billboard Hot 100 first week of 2024?,3,8,medium,medium,PUBLIC_INFO_ADJUSTED,SKIP,SKIP,null,0.0025,False,,,,2024-01-05T00:00:00+00:00,2024-01-06T00:00:00+00:00
515140,Luigi Mangione manifesto released by Friday?,4,3,medium,low,NONE,GO_EVALUATE,SKIP,null,0.8965,True,,,,2024-12-12T12:00:00+00:00,2024-12-13T12:00:00+00:00
514050,"Will ""Moana 2"" have a Tomatometer score of less than 60?",4,1,medium,low,NONE,GO_EVALUATE,SKIP,null,0.0005,False,,,,2024-12-01T12:00:00+00:00,2024-12-02T12:00:00+00:00
513744,Will 'Astro Bot' win Game of the Year?,4,7,medium,medium,NONE,GO_EVALUATE,SKIP,null,0.525,True,,,,2024-12-11T12:00:00+00:00,2024-12-12T12:00:00+00:00
507562,RFK Jr & Cheryl Hines divorce in 2024?,3,2,medium,low,NONE,GO_EVALUATE,SKIP,null,0.004,False,,,,2024-12-30T12:00:00+00:00,2024-12-31T12:00:00+00:00
521817,National Anthem O/U 120.5 seconds,3,2,medium,low,NONE,GO_EVALUATE,SKIP,null,0.435,False,,,,2025-02-08T12:00:00+00:00,2025-02-09T12:00:00+00:00
505386,Will Taylor Swift sue Trump over fake endorsement? ,4,2,medium,low,NONE,GO_EVALUATE,SKIP,null,0.008,False,,,,2024-08-30T12:00:00+00:00,2024-08-31T12:00:00+00:00
254248,Will 'Deadpool 3' gross most in 2024?,4,2,medium,low,NONE,GO_EVALUATE,SKIP,null,0.0005,False,,,,2024-12-28T00:00:00+00:00,2024-12-29T00:00:00+00:00
500960,Will 'Deadpool & Wolverine' gross between $130m and $150m opening weekend?,5,2,medium,low,NONE,GO_EVALUATE,SKIP,null,0.004,False,,,,2024-07-27T12:00:00+00:00,2024-07-28T12:00:00+00:00
504066,JD & Usha Vance divorce before election?,4,3,medium,low,NONE,GO_EVALUATE,SKIP,null,0.0095,False,,,,2024-11-03T12:00:00+00:00,2024-11-04T12:00:00+00:00
516110,Will 'Nosferatu' gross under $20m on 5-day opening weekend?,5,2,medium,low,NONE,GO_EVALUATE,SKIP,null,0.0015,False,,,,2024-12-29T12:00:00+00:00,2024-12-30T12:00:00+00:00
509260,Will 'Terrifier 3' gross less than $16m opening weekend?,4,9,medium,medium,NONE,GO_EVALUATE,GO,NO,0.075,False,0.075,6.75,6.5,2024-10-13T12:00:00+00:00,2024-10-14T12:00:00+00:00
509619,Will Trump tweet 15-19 times October 11-18?,4,1,medium,low,NONE,GO_EVALUATE,SKIP,null,0.001,False,,,,2024-10-17T12:00:00+00:00,2024-10-18T12:00:00+00:00
516113,Will 'Nosferatu' gross over $30m on 5-day opening weekend?,5,9,medium,medium,NONE,GO_EVALUATE,SKIP,null,0.9975,True,,,,2024-12-29T12:00:00+00:00,2024-12-30T12:00:00+00:00
500962,Will 'Deadpool & Wolverine' gross more than $170m opening weekend?,5,8,medium,medium,NONE,GO_EVALUATE,SKIP,null,0.982,True,,,,2024-07-27T12:00:00+00:00,2024-07-28T12:00:00+00:00
515377, New Jersey mystery drones from foreign country?,4,2,medium,low,NONE,GO_EVALUATE,SKIP,null,0.005,False,,,,2024-12-30T12:00:00+00:00,2024-12-31T12:00:00+00:00
515264,Will 'Sonic 3' gross between $72-80m on 3-day opening weekend?,4,9,medium,medium,NONE,GO_EVALUATE,SKIP,null,0.011,False,,,,2024-12-22T12:00:00+00:00,2024-12-23T12:00:00+00:00
511644,Will Elon tweet 400-424 times November 1-8?,6,9,medium,medium,NONE,GO_EVALUATE,GO,YES,0.09,False,-0.09,7.29,9.16,2024-11-07T12:00:00+00:00,2024-11-08T12:00:00+00:00
512860,Will 'Moana 2' gross between $165-180m on 5-day opening weekend?,5,5,medium,medium,NONE,GO_EVALUATE,SKIP,null,0.215,False,,,,2024-11-26T12:00:00+00:00,2024-11-27T12:00:00+00:00
500312,Cosmo Jarvis announced as next James Bond?,5,2,medium,low,NONE,GO_EVALUATE,SKIP,null,0.0025,False,,,,2024-12-30T12:00:00+00:00,2024-12-31T12:00:00+00:00
500961,Will 'Deadpool & Wolverine' gross between $150m and $170m opening weekend?,5,8,medium,medium,NONE,GO_EVALUATE,SKIP,null,0.0155,False,,,,2024-07-27T12:00:00+00:00,2024-07-28T12:00:00+00:00
254998,Will 'Ghostbusters: Frozen Empire' gross under $35m opening weekend? ,4,2,medium,low,NONE,GO_EVALUATE,SKIP,null,0.145,False,,,,2024-03-21T00:00:00+00:00,2024-03-22T00:00:00+00:00
254530,Will 'Dune: Part Two' get a 90% or higher Tomatometer Score?,4,2,medium,low,NONE,GO_EVALUATE,SKIP,null,0.9855,True,,,,2024-03-03T00:00:00+00:00,2024-03-04T00:00:00+00:00
510397,Will 'Venom: The Last Dance' gross between $45-53m opening weekend?,4,9,medium,medium,NONE,GO_EVALUATE,GO,YES,0.91,True,0.09,6.75,7.0,2024-10-27T12:00:00+00:00,2024-10-28T12:00:00+00:00
505897,'Beetlejuice Beetlejuice' record September opening?,4,9,medium,medium,NONE,GO_EVALUATE,GO,NO,0.09,False,0.09,6.75,7.0,2024-09-05T12:00:00+00:00,2024-09-06T12:00:00+00:00
512858,Will 'Moana 2' gross between $135-150m on 5-day opening weekend?,5,6,medium,medium,NONE,GO_EVALUATE,SKIP,null,0.055,False,,,,2024-11-26T12:00:00+00:00,2024-11-27T12:00:00+00:00
500309,Damson Idris announced as next James Bond?,5,2,medium,low,NONE,GO_EVALUATE,SKIP,null,0.0035,False,,,,2024-12-30T05:00:00+00:00,2024-12-31T05:00:00+00:00
514506,Will 'Kraven the Hunter' gross between $22-25m on 3-day opening weekend?,4,2,medium,low,NONE,GO_EVALUATE,SKIP,null,0.0005,False,,,,2024-12-15T12:00:00+00:00,2024-12-16T12:00:00+00:00
509261,Will 'Terrifier 3' gross between $16-19m opening weekend?,4,9,medium,medium,NONE,GO_EVALUATE,GO,YES,0.8355,True,0.1645,6.75,7.0,2024-10-13T12:00:00+00:00,2024-10-14T12:00:00+00:00
513745,Will 'Balatro' win Game of the Year?,4,2,medium,low,NONE,GO_EVALUATE,SKIP,null,0.0145,False,,,,2024-12-11T12:00:00+00:00,2024-12-12T12:00:00+00:00
509635,Will Trump tweet 35-39 times October 11-18?,3,7,medium,medium,PUBLIC_INFO_ADJUSTED,SKIP,SKIP,null,0.485,True,,,,2024-10-17T12:00:00+00:00,2024-10-18T12:00:00+00:00
514473,2024 December hottest on record?,2,2,high,low,NONE,GO_EVALUATE,SKIP,null,0.016,False,,,,2024-12-30T12:00:00+00:00,2024-12-31T12:00:00+00:00
500314,Another actor announced as next James Bond actor?,5,2,medium,low,NONE,GO_EVALUATE,SKIP,null,0.9825,True,,,,2024-12-29T12:00:00+00:00,2024-12-30T12:00:00+00:00
503220,Andrew Tate flee the EU?,3,2,medium,low,NONE,GO_EVALUATE,SKIP,null,0.011,False,,,,2024-07-30T12:00:00+00:00,2024-07-31T12:00:00+00:00
508333,Will 'Joker: Folie ŕ Deux' gross more than $66m opening weekend?,4,8,medium,medium,NONE,GO_EVALUATE,SKIP,null,0.0025,False,,,,2024-10-06T12:00:00+00:00,2024-10-07T12:00:00+00:00
500772,Will 'Civil War' gross more than $23m opening weekend?,5,8,medium,medium,NONE,GO_EVALUATE,GO,NO,0.7955,True,-0.2045,6.39,5.56,2024-04-14T12:00:00+00:00,2024-04-15T12:00:00+00:00
501524,Will Elon tweet 135-149 times?,4,2,medium,low,NONE,GO_EVALUATE,SKIP,null,0.0015,False,,,,2024-05-16T12:00:00+00:00,2024-05-17T12:00:00+00:00
512929,Will 'Red One' gross between $21-24m on opening weekend?,5,9,medium,medium,NONE,GO_EVALUATE,SKIP,null,0.0015,False,,,,2024-11-17T12:00:00+00:00,2024-11-18T12:00:00+00:00
500308,Henry Cavill announced as next James Bond?,5,2,medium,low,NONE,GO_EVALUATE,SKIP,null,0.002,False,,,,2024-12-30T05:00:00+00:00,2024-12-31T05:00:00+00:00
253988,Will 'Dune: Part Two' gross between $80m-90m opening weekend?,5,7,medium,medium,NONE,GO_EVALUATE,SKIP,null,0.44,True,,,,2024-02-29T00:00:00+00:00,2024-03-01T00:00:00+00:00
509968,Will 'Smile 2' gross $24-27m opening weekend?,5,9,medium,medium,NONE,GO_EVALUATE,GO,YES,0.14,False,-0.14,7.02,8.08,2024-10-20T12:00:00+00:00,2024-10-21T12:00:00+00:00
514519,30m Bluesky users in December?,3,2,medium,low,NONE,GO_EVALUATE,SKIP,null,0.0055,False,,,,2024-12-30T12:00:00+00:00,2024-12-31T12:00:00+00:00
254549,Will Switzerland win Eurovision 2024?,2,2,high,low,NONE,GO_EVALUATE,SKIP,null,0.191,True,,,,2024-05-07T00:00:00+00:00,2024-05-08T00:00:00+00:00
515741,U.S. government admits they are operating mystery drones?,4,2,medium,low,NONE,GO_EVALUATE,SKIP,null,0.0055,False,,,,2024-12-30T12:00:00+00:00,2024-12-31T12:00:00+00:00
510289,Evidence released that Kamala worked at McDonald's?,3,2,medium,low,NONE,GO_EVALUATE,SKIP,null,0.011,False,,,,2024-11-03T12:00:00+00:00,2024-11-04T12:00:00+00:00
511467,AOC pregnant in 2024?,3,2,medium,low,NONE,GO_EVALUATE,SKIP,null,0.0025,False,,,,2024-12-30T12:00:00+00:00,2024-12-31T12:00:00+00:00
515381,Will Luigi Mangione fire his lawyer before 2025?,4,2,medium,low,NONE,GO_EVALUATE,SKIP,null,0.012,False,,,,2024-12-30T12:00:00+00:00,2024-12-31T12:00:00+00:00
500958,Will 'Deadpool & Wolverine' gross less than $110m opening weekend?,5,1,medium,low,NONE,GO_EVALUATE,SKIP,null,0.003,False,,,,2024-07-27T12:00:00+00:00,2024-07-28T12:00:00+00:00
514525,Will 'Wicked' gross more than $500 million domestically by January 9?,4,2,medium,low,NONE,GO_EVALUATE,SKIP,null,0.0015,False,,,,2025-01-08T12:00:00+00:00,2025-01-09T12:00:00+00:00
253406,Taylor Swift engaged by April 1?,4,2,medium,low,NONE,GO_EVALUATE,SKIP,null,0.016,False,,,,2024-03-31T00:00:00+00:00,2024-04-01T00:00:00+00:00
501427,Drake arrested by Friday? ,6,1,medium,low,NONE,GO_EVALUATE,SKIP,null,0.0075,False,,,,2024-05-08T12:00:00+00:00,2024-05-09T12:00:00+00:00
511099,Will 'Wicked' gross less than $95m opening weekend?,4,8,medium,medium,NONE,GO_EVALUATE,SKIP,null,0.0095,False,,,,2024-11-24T12:00:00+00:00,2024-11-25T12:00:00+00:00
501521,Will Elon tweet 90-104 times?,4,9,medium,medium,NONE,GO_EVALUATE,SKIP,null,0.008,False,,,,2024-05-16T12:00:00+00:00,2024-05-17T12:00:00+00:00
504649,Will 'It Ends with Us' gross less than $40m opening weekend?,4,9,medium,medium,NONE,GO_EVALUATE,SKIP,null,0.0005,False,,,,2024-08-11T12:00:00+00:00,2024-08-12T12:00:00+00:00
505346,Will Beyoncé perform at the DNC?,5,2,medium,low,NONE,GO_EVALUATE,SKIP,null,0.315,False,,,,2024-08-21T12:00:00+00:00,2024-08-22T12:00:00+00:00
516103,Will 'Liar's Bar' win Most Innovative Gameplay in the 2024 Steam Awards?,3,2,medium,low,NONE,GO_EVALUATE,SKIP,null,0.0055,True,,,,2024-12-30T12:00:00+00:00,2024-12-31T12:00:00+00:00
514501,Will 'Kraven the Hunter' gross less than $16m on 3-day opening weekend?,5,9,medium,medium,NONE,GO_EVALUATE,SKIP,null,0.996,True,,,,2024-12-15T12:00:00+00:00,2024-12-16T12:00:00+00:00
253845,"Will ""Oppenheimer"" win the Oscar for Best Picture?",4,2,medium,low,NONE,GO_EVALUATE,SKIP,null,0.94,True,,,,2024-03-08T00:00:00+00:00,2024-03-09T00:00:00+00:00
511102,Will 'Wicked' gross between $115-125m opening weekend?,4,8,medium,medium,NONE,GO_EVALUATE,SKIP,null,0.172,False,,,,2024-11-24T12:00:00+00:00,2024-11-25T12:00:00+00:00
